Nom;Pack;Surface;Site Web
Briand;Simple;12;https://www.briand.fr
Aurige;Simple;12;https://aurige.group/fr/notregroupe
Egis;Plus;15;https://www.egis-group.com/fr
Gnat SA;Simple;9;https://www.gnat.fr
Technip Energies;Simple;15;https://www.ten.com/fr
KPMG;Simple;12;https://kpmg.com/fr/fr.html
ARTELIA HOLDING;Plus;18;https://www.arteliagroup.com/fr/
Altarea;Plus;15;https://www.altarea.com
KAUFMAN & BROAD;Plus;21;https://corporate.kaufmanbroad.fr/groupe-kaufman-broad/
Perenco;Plus;9;https://www.perenco.com
Vinci;Plus;144;https://www.vinci.com
Eight Advisory;Simple;12;https://www.8advisory.com
Groupe Legendre;Plus;24;https://www.groupe-legendre.com
NGE;Plus;80;https://www.nge.fr
Eurogroup Consulting;Plus;9;https://www.eurogroupconsulting.com/fr/
EY;Simple;12;https://www.ey.com/fr_fr
Groupe GB;Simple;9;https://groupe-gb.fr/notre-groupe/
European Homes;Simple;9;https://e-h.fr/
Genere;Plus;18;https://www.genere.fr
GSE;Plus;12;https://www.gsegroup.com/?gad_source=1&gbraid=0AAAAABHR9gHItAH0BoUAmXqgwDyxiNXVk&gclid=Cj0KCQjw6oi4BhD1ARIsAL6pox2uqavQ_NE2-ynnZJ-NkkPCViRn5w5iuszyBim328amx4bxYki6hTEaAlIFEALw_wcB
Quartus;Simple;9;https://www.groupe-quartus.com
Fayat;Plus;110;https://fayat.com
Deloitte;Simple;9;https://www2.deloitte.com/fr/fr/pages/home.html
Colliers;Simple;9;https://www.colliers.com/fr-fr
BEG Ingénierie;Plus;18;https://www.beg-ing.com
Groupe Pigeon;Plus;24;https://www.groupe-pigeon.com
Schindler;Plus;18;https://www.schindler.fr/fr.html
CEA;Simple;9;https://www.cea.fr
DEMATHIEU BARD;Plus;46;https://www.demathieu-bard.fr
Sadrin Rapin;Plus;9;https://sadrin-rapin.fr
Calq SAS;Simple;9;https://www.calq.fr
Oméa;Simple;9;https://www.omeaconseil.fr
SNCF;Simple;18;https://emploi.sncf.com/
Immobilière 3F;Plus;15;https://www.groupe3f.fr
CIG;Simple;9;https://www.cig929394.fr/
Groupe ADP;Plus;12;https://www.parisaeroport.fr/homepage-groupe
Azaleo;Plus;9;https://azaleo.fr
Ateliers de France;Plus;18;https://ateliersdefrance.com
Setec AS;Plus;18;https://www.setec.fr
Etandex;Plus;21;https://www.etandex.fr
Maitre Cube;Simple;9;https://maitrecube.fr
JLL Tétris;Plus;18;https://www.jll.fr/
Lidl France;Simple;12;https://emplois.lidl.fr/
Oteis;Simple;9;https://www.oteis.fr
Legendry;Plus;9;https://www.legendryconstruction.com
Infraneo;Simple;12;https://www.infraneo.com/groupe-infraneo/
Risk Control;Plus;9;https://risk-control.fr
Urbaine de Travaux;Book;0;https://urbaine.fayat.com
Darras et Jouanin;Book;0;https://darras.fayat.com
Fayat Immobilier Idf;Book;0;https://www.fayatimmobilier-idf.com
TPF Ingénierie;Simple;9;https://www.tpf-i.fr
Fayat bâtiment;Book;0;https://batiment.fayat.com
Epitech recrutement;Simple;9;https://www.e-epitech.com
Systra;Plus;12;https://www.systra.com/france/
Fayat Energie Services;Book;0;https://energieservices.fayat.com
Build2B;Simple;9;https://build2b.fr
Fédération des Sociétés d'Expertise ;Plus;28;https://www.f-s-e.org
Syntec Ingénierie;Plus;21;https://www.syntec-ingenierie.fr
Parlym;Simple;9;https://www.parlym.com
Talan;Plus;9;https://talan.com
Service d'Infrastructure de la Défense;Plus;9;https://www.defense.gouv.fr/sga/nous-connaitre/organisation-du-sga/directions/service-dinfrastructure-defense
Groupe Fondasol;Simple;9;https://www.groupefondasol.com/fr/
SCE;Simple;9;https://sce.fr
COBAT CONSTRUCTIONS;Simple;18;https://www.cobatconstructions.fr
GreenAffair;Simple;9;https://www.greenaffair.com
Fayolle;Plus;15;https://fayolle.eu
Spie CityNetworks;Plus;12;https://www.spie.com/fr
EPC DEMOSTEN;Simple;12;https://epc-demosten.fr
Marine Nationale;Simple;12;https://www.defense.gouv.fr/marine
Axa IM;Simple;9;https://www.axa-im.fr
Groupe RATP;Simple;9;https://www.ratp.fr/groupe-ratp
Ekium;Simple;9;https://www.ekium.eu
Arep;Simple;9;https://www.arep.fr
Essor;Plus;12;https://www.essor.group
Essec Business School;Plus;9;https://www.essec.edu/fr/
GCC;Plus;28;https://www.gcc-groupe.com
Subsea 7;Plus;12;https://www.subsea7.com/en/index.html
APL Data Center;Simple;9;https://www.apl-datacenter.com/fr/
Maia;Plus;12;https://groupe-maia.com/
Saipem SA;Plus;12;https://www.saipem.fr
Fayat Métal;Book;0;https://metal.fayat.com
Vicat;Simple;9;https://www.vicat.fr
Bouygues;Plus;150;https://www.bouygues.com
CET Ingénierie;Simple;12;https://cet-ingenierie.fr
Département des Hauts-de-Seine;Plus;12;https://www.hauts-de-seine.fr/
DEKRA services France ;Simple;9;https://www.dekra-industrial.fr/
Paris Ouest Construction;Plus;32;https://www.paris-ouest.fr
CESI;Simple;12;https://www.cesi.fr
Covivio;Plus;15;https://www.covivio.eu/fr/
Sia Partners;Simple;9;https://www.sia-partners.com/fr
Razel-Bec;Book;0;https://razel-bec.fayat.com
SEFI-INTRAFOR (FAYAT FONDATIONS);Book;0;https://sefi-intrafor.fayat.com
CERN;Simple;18;https://home.cern/fr
Nexity;Plus;12;https://nexity.group/recrutement
Builders and Partners (groupe Vertical Sea);Plus;9;https://www.vertical-sea.com/le-groupe/
Groupe BIR;Plus;40;https://www.groupebir.fr
Turner & Townsend;Simple;12;https://www.turnerandtownsend.com
Groupe Angevin;Simple;9;https://www.groupe-angevin.fr
TERIDEAL;Plus;12;https://www.terideal.fr
Tractebel Engineering S.A.;Plus;9;https://tractebel-engie.fr/fr
Vinci construction;Book;0;https://vinci-construction.com/fr/
Agap2 - Moongy;Simple;18;https://moongy.group/nos-societes/agap2/
Demathieu Tralux;Book;0;https://www.demathieu-bard.fr/actualites/tralux-recompense-par-un-prix-national-securite/
Demathieu Immobilier;Book;0;https://demathieu-bard-immobilier.com
Léon grosse ;Plus;52;https://www.leongrosse.fr
Chantiers de l'Atlantique;Simple;12;https://chantiers-atlantique.com
CBRE;Simple;9;https://www.cbre.fr
Equad RCC;Simple;9;https://www.equad.fr
Spie Batignolles;Plus;36;https://www.spiebatignolles.fr
Aptiskills;Plus;9;https://www.aptiskills.fr
Eiffage ;Plus;60;https://www.eiffage.com
CDC habitat;Simple;9;https://www.cdc-habitat.fr
BNP real Estate;Simple;9;https://www.realestate.bnpparibas.fr/fr
Cap ingelec;Simple;9;https://www.capingelec.com
Seqens;Simple;15;https://www.seqens.fr/
Costantini;Plus;18;www.https://costantini.eu/
Groupe Treuil;Simple;12;https://www.treuil.fr/
Menard;Simple;9;https://www.menardfrance.fr/
Piman consultants;Simple;9;https://piman-group.fr/entite/piman-consultants/
PWC;Simple;9;https://www.pwc.fr/fr.html
Arcadis;Plus;9;https://www.arcadis.com/fr-fr
Valorem;Simple;9;https://www.valorem-energie.com
PHIDA groupe SA ;Simple;12;https://phida-groupe.ch
Est Ouvrages;Simple;9;http://estouvrages.com
RIVP;Simple;12;https://www.rivp.fr
BTP Consultants ;Plus;9;https://www.btp-consultants.fr
ENOE;Simple;9;https://www.enoe-energie.fr
Méditerranée environnement;Plus;9;https://www.lajus.fr
Edvance;Plus;12;https://www.edvance.fr
RENOVER;Simple;9;https://www.renover.fr
RABOT DUTILLEUL CONSTRUCTION;Plus;9;https://www.rabotdutilleul.com
Balas ;Plus;12;https://groupe-balas.com
EP2C Energy;Simple;9;https://www.ep2c-energy.com
Euretudes;Simple;9;https://euretudes.fr
SMABTP;Simple;9;https://www.smabtp.fr/sma/assurance/
Ariess Consulting ;Simple;9;https://www.ariess-consulting.eu
Kardham;Plus;9;https://www.kardham.com
SMAC;Plus;9;https://www.smac-sa.com
Groupe Unifer;Plus;9;https://www.uif-travaux.fr
Tasq;Simple;9;https://tasq-om.fr
GPC S.A;Simple;9;https://gpcsa.com
INGEROP;Plus;18;https://www.ingerop.fr
Groupe IDEC;Plus;9;https://www.groupeidec.com
SOCOTEC CONSTRUCTION;Simple;12;https://www.socotec.fr/votre-secteur/construction
MYRIUM;Simple;9;https://www.myrium.fr
LEAF INGENIERIE;Plus;9;https://leaf-ingenierie.com
Baudin Châteauneuf;Plus;12;https://www.baudinchateauneuf.com
Vizcab;Start-up;0;https://vizcab.io
AGILITE SOLUTIONS;Simple;9;https://www.agilitesolutions.com/?lang=fr
H2air;Plus;9;https://h2air.fr
TERNERGIE SOLUTIONS;Simple;15;https://tenergie.fr/nos-solutions/
Autodesk ;Simple;15;https://www.autodesk.com/fr
GAGNERAUD CONSTRUCTION;Simple;18;https://www.gagneraud.fr
Oxiam;Simple;9;https://oxiam.fr
Alsea;Simple;9;https://www.alsea.eu
ESCT;Simple;9;https://esct.fr
Deepki;Plus;9;https://www.deepki.com/fr/
